Vị trí,Thời gian đỗ,Giờ vào,Giờ ra,Ảnh
A354,00:05,30/04/2026 10:55:25,30/04/2026 10:55:30,images/slot_354_1777521330.jpg
A77,00:06,30/04/2026 10:55:25,30/04/2026 10:55:32,images/slot_77_1777521332.jpg
A112,00:10,30/04/2026 10:55:25,30/04/2026 10:55:36,images/slot_112_1777521336.jpg
A226,00:14,30/04/2026 10:55:25,30/04/2026 10:55:39,images/slot_226_1777521339.jpg
A354,00:06,30/04/2026 11:01:06,30/04/2026 11:01:13,images/slot_354_1777521673.jpg
A77,00:07,30/04/2026 11:01:06,30/04/2026 11:01:14,images/slot_77_1777521674.jpg
A112,00:12,30/04/2026 11:01:06,30/04/2026 11:01:19,images/slot_112_1777521679.jpg
A226,00:16,30/04/2026 11:01:06,30/04/2026 11:01:23,images/slot_226_1777521683.jpg
A333,00:22,30/04/2026 11:01:06,30/04/2026 11:01:29,images/slot_333_1777521689.jpg
A27,00:03,30/04/2026 11:15:37,30/04/2026 11:15:40,slot_27_1777522540.jpg
A153,00:04,30/04/2026 11:15:37,30/04/2026 11:15:41,slot_153_1777522541.jpg
A354,00:10,30/04/2026 11:15:37,30/04/2026 11:15:47,slot_354_1777522547.jpg
A27,00:03,06/05/2026 13:20:05,06/05/2026 13:20:09,slot_27_1778048409.jpg
A153,00:09,06/05/2026 13:20:05,06/05/2026 13:20:15,slot_153_1778048415.jpg
A354,00:24,06/05/2026 13:20:05,06/05/2026 13:20:30,slot_354_1778048430.jpg
A77,00:28,06/05/2026 13:20:05,06/05/2026 13:20:34,slot_77_1778048434.jpg
A77,00:03,06/05/2026 13:20:34,06/05/2026 13:20:37,slot_77_1778048437.jpg
A77,00:03,06/05/2026 13:20:38,06/05/2026 13:20:41,slot_77_1778048441.jpg
A77,00:03,06/05/2026 13:20:46,06/05/2026 13:20:49,slot_77_1778048449.jpg
A92,00:03,06/05/2026 13:20:49,06/05/2026 13:20:52,slot_92_1778048452.jpg
A112,00:48,06/05/2026 13:20:05,06/05/2026 13:20:54,slot_112_1778048454.jpg
A121,00:03,06/05/2026 13:20:58,06/05/2026 13:21:02,slot_121_1778048462.jpg
A226,01:06,06/05/2026 13:20:05,06/05/2026 13:21:12,slot_226_1778048472.jpg
A226,00:03,06/05/2026 13:21:12,06/05/2026 13:21:15,slot_226_1778048475.jpg
A333,01:31,06/05/2026 13:20:05,06/05/2026 13:21:37,slot_333_1778048497.jpg
A333,00:03,06/05/2026 13:21:37,06/05/2026 13:21:41,slot_333_1778048501.jpg
A220,01:47,06/05/2026 13:20:05,06/05/2026 13:21:53,slot_220_1778048513.jpg
A183,01:26,06/05/2026 13:20:27,06/05/2026 13:21:54,slot_183_1778048514.jpg
A27,00:03,06/05/2026 13:21:54,06/05/2026 13:21:58,slot_27_1778048518.jpg
A153,00:10,06/05/2026 13:21:54,06/05/2026 13:22:04,slot_153_1778048524.jpg
A354,01:48,06/05/2026 13:20:35,06/05/2026 13:22:23,slot_354_1778048543.jpg
A77,00:32,06/05/2026 13:21:54,06/05/2026 13:22:27,slot_77_1778048547.jpg
A77,00:03,06/05/2026 13:22:27,06/05/2026 13:22:30,slot_77_1778048550.jpg
A77,00:03,06/05/2026 13:22:31,06/05/2026 13:22:34,slot_77_1778048554.jpg
A77,00:03,06/05/2026 13:22:40,06/05/2026 13:22:43,slot_77_1778048563.jpg
A92,00:03,06/05/2026 13:22:43,06/05/2026 13:22:46,slot_92_1778048566.jpg
A112,00:53,06/05/2026 13:21:54,06/05/2026 13:22:48,slot_112_1778048568.jpg
A121,00:03,06/05/2026 13:22:53,06/05/2026 13:22:56,slot_121_1778048576.jpg
A226,01:33,06/05/2026 13:21:35,06/05/2026 13:23:08,slot_226_1778048588.jpg
A226,00:03,06/05/2026 13:23:09,06/05/2026 13:23:12,slot_226_1778048592.jpg
A333,01:45,06/05/2026 13:21:54,06/05/2026 13:23:39,slot_333_1778048619.jpg
A333,00:03,06/05/2026 13:23:39,06/05/2026 13:23:42,slot_333_1778048622.jpg
A27,00:03,06/05/2026 13:24:10,06/05/2026 13:24:13,slot_27_1778048653.jpg
A153,00:10,06/05/2026 13:24:10,06/05/2026 13:24:20,slot_153_1778048660.jpg
A354,00:25,06/05/2026 13:24:10,06/05/2026 13:24:35,slot_354_1778048675.jpg
A77,00:28,06/05/2026 13:24:10,06/05/2026 13:24:38,slot_77_1778048678.jpg
A77,00:03,06/05/2026 13:24:38,06/05/2026 13:24:41,slot_77_1778048681.jpg
A77,00:03,06/05/2026 13:24:42,06/05/2026 13:24:45,slot_77_1778048685.jpg
A77,00:03,06/05/2026 13:24:51,06/05/2026 13:24:54,slot_77_1778048694.jpg
A92,00:03,06/05/2026 13:24:53,06/05/2026 13:24:56,slot_92_1778048696.jpg
A112,00:47,06/05/2026 13:24:10,06/05/2026 13:24:58,slot_112_1778048698.jpg
A121,00:03,06/05/2026 13:25:01,06/05/2026 13:25:04,slot_121_1778048704.jpg
A226,01:04,06/05/2026 13:24:10,06/05/2026 13:25:14,slot_226_1778048714.jpg
A226,00:03,06/05/2026 13:25:15,06/05/2026 13:25:18,slot_226_1778048718.jpg
A333,01:27,06/05/2026 13:24:10,06/05/2026 13:25:37,slot_333_1778048737.jpg
A333,00:03,06/05/2026 13:25:38,06/05/2026 13:25:41,slot_333_1778048741.jpg
A220,01:41,06/05/2026 13:24:10,06/05/2026 13:25:51,slot_220_1778048751.jpg
A183,01:20,06/05/2026 13:24:31,06/05/2026 13:25:52,slot_183_1778048752.jpg
A27,00:03,06/05/2026 13:25:52,06/05/2026 13:25:56,slot_27_1778048756.jpg
A153,00:10,06/05/2026 13:25:52,06/05/2026 13:26:02,slot_153_1778048762.jpg
A354,01:38,06/05/2026 13:24:39,06/05/2026 13:26:17,slot_354_1778048777.jpg
A77,00:27,06/05/2026 13:25:52,06/05/2026 13:26:20,slot_77_1778048780.jpg
A77,00:03,06/05/2026 13:26:20,06/05/2026 13:26:23,slot_77_1778048783.jpg
A77,00:03,06/05/2026 13:26:24,06/05/2026 13:26:27,slot_77_1778048787.jpg
A77,00:03,06/05/2026 13:26:33,06/05/2026 13:26:36,slot_77_1778048796.jpg
A92,00:03,06/05/2026 13:26:35,06/05/2026 13:26:39,slot_92_1778048799.jpg
A112,00:47,06/05/2026 13:25:52,06/05/2026 13:26:40,slot_112_1778048800.jpg
A121,00:03,06/05/2026 13:26:44,06/05/2026 13:26:47,slot_121_1778048807.jpg
A226,01:22,06/05/2026 13:25:35,06/05/2026 13:26:58,slot_226_1778048818.jpg
A226,00:03,06/05/2026 13:26:59,06/05/2026 13:27:02,slot_226_1778048822.jpg
A333,01:30,06/05/2026 13:25:52,06/05/2026 13:27:22,slot_333_1778048842.jpg
A333,00:03,06/05/2026 13:27:23,06/05/2026 13:27:26,slot_333_1778048846.jpg
A220,01:45,06/05/2026 13:25:51,06/05/2026 13:27:37,slot_220_1778048857.jpg
A183,01:24,06/05/2026 13:26:14,06/05/2026 13:27:38,slot_183_1778048858.jpg
A27,00:03,06/05/2026 13:27:38,06/05/2026 13:27:41,slot_27_1778048861.jpg
A153,00:11,06/05/2026 13:27:38,06/05/2026 13:27:49,slot_153_1778048869.jpg
A354,01:45,06/05/2026 13:26:21,06/05/2026 13:28:07,slot_354_1778048887.jpg
A77,00:32,06/05/2026 13:27:38,06/05/2026 13:28:11,slot_77_1778048891.jpg
A77,00:03,06/05/2026 13:28:11,06/05/2026 13:28:14,slot_77_1778048894.jpg
A77,00:03,06/05/2026 13:28:15,06/05/2026 13:28:18,slot_77_1778048898.jpg
A27,00:03,06/05/2026 13:31:14,06/05/2026 13:31:17,slot_27_1778049077.jpg
A153,00:07,06/05/2026 13:31:14,06/05/2026 13:31:21,slot_153_1778049081.jpg
A354,00:21,06/05/2026 13:31:14,06/05/2026 13:31:35,slot_354_1778049095.jpg
A77,00:24,06/05/2026 13:31:14,06/05/2026 13:31:38,slot_77_1778049098.jpg
A77,00:03,06/05/2026 13:31:38,06/05/2026 13:31:41,slot_77_1778049101.jpg
A77,00:03,06/05/2026 13:31:41,06/05/2026 13:31:44,slot_77_1778049104.jpg
A77,00:03,06/05/2026 13:31:50,06/05/2026 13:31:53,slot_77_1778049113.jpg
A92,00:03,06/05/2026 13:31:52,06/05/2026 13:31:55,slot_92_1778049115.jpg
A112,00:42,06/05/2026 13:31:14,06/05/2026 13:31:56,slot_112_1778049116.jpg
A27,00:03,06/05/2026 13:34:48,06/05/2026 13:34:51,slot_27_1778049291.jpg
A153,00:10,06/05/2026 13:34:48,06/05/2026 13:34:58,slot_153_1778049298.jpg
A354,00:24,06/05/2026 13:34:48,06/05/2026 13:35:13,slot_354_1778049313.jpg
A77,00:27,06/05/2026 13:34:48,06/05/2026 13:35:16,slot_77_1778049316.jpg
A77,00:03,06/05/2026 13:35:16,06/05/2026 13:35:19,slot_77_1778049319.jpg
A77,00:03,06/05/2026 13:35:20,06/05/2026 13:35:23,slot_77_1778049323.jpg
A77,00:03,06/05/2026 13:35:28,06/05/2026 13:35:31,slot_77_1778049331.jpg
A92,00:03,06/05/2026 13:35:30,06/05/2026 13:35:33,slot_92_1778049333.jpg
A112,00:46,06/05/2026 13:34:48,06/05/2026 13:35:35,slot_112_1778049335.jpg
A121,00:03,06/05/2026 13:35:38,06/05/2026 13:35:41,slot_121_1778049341.jpg
A226,01:02,06/05/2026 13:34:48,06/05/2026 13:35:51,slot_226_1778049351.jpg
A226,00:03,06/05/2026 13:35:51,06/05/2026 13:35:54,slot_226_1778049354.jpg
A333,01:24,06/05/2026 13:34:48,06/05/2026 13:36:13,slot_333_1778049373.jpg
A333,00:03,06/05/2026 13:36:13,06/05/2026 13:36:16,slot_333_1778049376.jpg
A220,01:41,06/05/2026 13:34:48,06/05/2026 13:36:29,slot_220_1778049389.jpg
A183,01:20,06/05/2026 13:35:09,06/05/2026 13:36:30,slot_183_1778049390.jpg
A27,00:03,06/05/2026 13:36:30,06/05/2026 13:36:34,slot_27_1778049394.jpg
A153,00:09,06/05/2026 13:36:30,06/05/2026 13:36:40,slot_153_1778049400.jpg
A354,01:37,06/05/2026 13:35:17,06/05/2026 13:36:55,slot_354_1778049415.jpg
A77,00:27,06/05/2026 13:36:30,06/05/2026 13:36:58,slot_77_1778049418.jpg
A77,00:03,06/05/2026 13:36:58,06/05/2026 13:37:01,slot_77_1778049421.jpg
A77,00:03,06/05/2026 13:37:01,06/05/2026 13:37:04,slot_77_1778049424.jpg
A77,00:03,06/05/2026 13:37:10,06/05/2026 13:37:13,slot_77_1778049433.jpg
A92,00:03,06/05/2026 13:37:12,06/05/2026 13:37:15,slot_92_1778049435.jpg
A112,00:46,06/05/2026 13:36:30,06/05/2026 13:37:17,slot_112_1778049437.jpg
A121,00:03,06/05/2026 13:37:20,06/05/2026 13:37:23,slot_121_1778049443.jpg
A226,01:21,06/05/2026 13:36:11,06/05/2026 13:37:33,slot_226_1778049453.jpg
A226,00:03,06/05/2026 13:37:33,06/05/2026 13:37:36,slot_226_1778049456.jpg
A333,01:24,06/05/2026 13:36:30,06/05/2026 13:37:55,slot_333_1778049475.jpg
A333,00:03,06/05/2026 13:37:55,06/05/2026 13:37:58,slot_333_1778049478.jpg
A220,01:38,06/05/2026 13:36:29,06/05/2026 13:38:08,slot_220_1778049488.jpg
A183,01:18,06/05/2026 13:36:51,06/05/2026 13:38:09,slot_183_1778049489.jpg
A27,00:03,06/05/2026 13:38:09,06/05/2026 13:38:12,slot_27_1778049492.jpg
A27,00:03,06/05/2026 13:45:02,06/05/2026 13:45:06,slot_27_1778049906.jpg
A153,00:10,06/05/2026 13:45:02,06/05/2026 13:45:12,slot_153_1778049912.jpg
A354,00:23,06/05/2026 13:45:02,06/05/2026 13:45:26,slot_354_1778049926.jpg
A77,00:26,06/05/2026 13:45:02,06/05/2026 13:45:29,slot_77_1778049929.jpg
A77,00:03,06/05/2026 13:45:29,06/05/2026 13:45:32,slot_77_1778049932.jpg
A77,00:03,06/05/2026 13:45:32,06/05/2026 13:45:35,slot_77_1778049935.jpg
A77,00:03,06/05/2026 13:45:41,06/05/2026 13:45:44,slot_77_1778049944.jpg
A92,00:03,06/05/2026 13:45:43,06/05/2026 13:45:46,slot_92_1778049946.jpg
A112,00:45,06/05/2026 13:45:02,06/05/2026 13:45:47,slot_112_1778049947.jpg
A121,00:03,06/05/2026 13:45:51,06/05/2026 13:45:54,slot_121_1778049954.jpg
A226,01:01,06/05/2026 13:45:02,06/05/2026 13:46:03,slot_226_1778049963.jpg
A226,00:03,06/05/2026 13:46:04,06/05/2026 13:46:07,slot_226_1778049967.jpg
A27,00:03,06/05/2026 14:30:42,06/05/2026 14:30:45,slot_27_1778052645.jpg
A153,00:07,06/05/2026 14:30:42,06/05/2026 14:30:50,slot_153_1778052650.jpg
A354,00:20,06/05/2026 14:30:42,06/05/2026 14:31:02,slot_354_1778052662.jpg
A77,00:22,06/05/2026 14:30:42,06/05/2026 14:31:05,slot_77_1778052665.jpg
A77,00:03,06/05/2026 14:31:05,06/05/2026 14:31:09,slot_77_1778052669.jpg
A77,00:03,06/05/2026 14:31:16,06/05/2026 14:31:19,slot_77_1778052679.jpg
A92,00:03,06/05/2026 14:31:18,06/05/2026 14:31:21,slot_92_1778052681.jpg
A112,00:39,06/05/2026 14:30:42,06/05/2026 14:31:21,slot_112_1778052681.jpg
A121,00:03,06/05/2026 14:31:24,06/05/2026 14:31:27,slot_121_1778052687.jpg
A226,00:53,06/05/2026 14:30:42,06/05/2026 14:31:35,slot_226_1778052695.jpg
A226,00:03,06/05/2026 14:31:35,06/05/2026 14:31:38,slot_226_1778052698.jpg
A333,01:12,06/05/2026 14:30:42,06/05/2026 14:31:55,slot_333_1778052715.jpg
A333,00:03,06/05/2026 14:31:55,06/05/2026 14:31:58,slot_333_1778052718.jpg
A220,01:28,06/05/2026 14:30:42,06/05/2026 14:32:11,slot_220_1778052731.jpg
A183,01:12,06/05/2026 14:31:00,06/05/2026 14:32:12,slot_183_1778052732.jpg
A27,00:03,06/05/2026 14:32:12,06/05/2026 14:32:15,slot_27_1778052735.jpg
A153,00:08,06/05/2026 14:32:12,06/05/2026 14:32:21,slot_153_1778052741.jpg
A354,01:28,06/05/2026 14:31:06,06/05/2026 14:32:34,slot_354_1778052754.jpg
A77,00:24,06/05/2026 14:32:12,06/05/2026 14:32:37,slot_77_1778052757.jpg
A77,00:03,06/05/2026 14:32:37,06/05/2026 14:32:41,slot_77_1778052761.jpg
A77,00:03,06/05/2026 14:32:48,06/05/2026 14:32:51,slot_77_1778052771.jpg
A92,00:03,06/05/2026 14:32:50,06/05/2026 14:32:53,slot_92_1778052773.jpg
A112,00:41,06/05/2026 14:32:12,06/05/2026 14:32:54,slot_112_1778052774.jpg
A121,00:03,06/05/2026 14:32:57,06/05/2026 14:33:00,slot_121_1778052780.jpg
A27,00:03,06/05/2026 16:44:26,06/05/2026 16:44:29,slot_27_1778060669.jpg
A153,00:09,06/05/2026 16:44:26,06/05/2026 16:44:36,slot_153_1778060676.jpg
A354,00:26,06/05/2026 16:44:26,06/05/2026 16:44:53,slot_354_1778060693.jpg
A77,00:30,06/05/2026 16:44:26,06/05/2026 16:44:56,slot_77_1778060696.jpg
A77,00:03,06/05/2026 16:44:57,06/05/2026 16:45:00,slot_77_1778060700.jpg
A77,00:03,06/05/2026 16:45:01,06/05/2026 16:45:04,slot_77_1778060704.jpg
A77,00:03,06/05/2026 16:45:11,06/05/2026 16:45:14,slot_77_1778060714.jpg
A27,00:03,06/05/2026 16:45:46,06/05/2026 16:45:49,slot_27_1778060749.jpg
A153,00:08,06/05/2026 16:45:46,06/05/2026 16:45:54,slot_153_1778060754.jpg
A354,00:26,06/05/2026 16:45:46,06/05/2026 16:46:13,slot_354_1778060773.jpg
A77,00:30,06/05/2026 16:45:46,06/05/2026 16:46:16,slot_77_1778060776.jpg
A77,00:03,06/05/2026 16:46:17,06/05/2026 16:46:20,slot_77_1778060780.jpg
A77,00:03,06/05/2026 16:46:21,06/05/2026 16:46:24,slot_77_1778060784.jpg
A77,00:03,06/05/2026 16:46:31,06/05/2026 16:46:34,slot_77_1778060794.jpg
A92,00:03,06/05/2026 16:46:34,06/05/2026 16:46:37,slot_92_1778060797.jpg
A112,00:52,06/05/2026 16:45:46,06/05/2026 16:46:38,slot_112_1778060798.jpg
